524883,000000000000000000148101981df0b1a3c39c279bd8404b473640d74f91650c,BTC.TOP,47.88.76.141:8333,176.9.147.2:8333,[2a01:4f8:160:300b::2]:8333,159.203.180.16:8333,[2a01:4f8:221:3441::2]:8333,46.4.33.254:8333,178.132.2.34:8333,[2a00:7c80:4::]:8333,[2001:41d0:d:30d9::]:8333,[2001:41d0:303:4140::]:8333
524882,0000000000000000003b56e370a4eaa658f9af38dce75894a0e3875aae04f0d5,WAYI.CN,195.169.99.82:8333,88.99.107.117:8333,46.166.148.218:8333,94.130.236.195:8333,[2a01:4f8:171:4dc::2]:8333,[2a01:4f8:221:801::2]:8333,5.9.157.183:8333,136.243.64.23:8333,[2a02:1206:457c:d920:b430:e697:253e:bec3]:8333,[2a01:4f8:13b:29d4::2]:8333
524881,000000000000000000226d925afbc78fb1f89efab82d44c2d5039b9d5bf9563b,BTC.TOP,88.99.146.100:8333,[2a01:4f8:10a:2aa3::3]:8333,88.99.107.117:8333,[2001:41d0:a:1fa1::]:8333,46.4.102.164:8002,172.96.161.244:8333,54.37.199.108:8333,94.177.12.183:8333,88.198.67.196:8333,39.105.82.159:8333
524880,00000000000000000017d99a0c7ef29815ce8a7881dd5bca98a4de544200926b,F2Pool,88.99.107.117:8333,88.99.146.100:8333,[2a01:4f8:10a:2aa3::3]:8333,217.123.68.49:8333,136.243.64.23:8333,178.132.2.34:8333,[2a00:7c80:4::]:8333,93.174.95.41:8333,94.130.216.231:8333,94.130.236.195:8333
524879,00000000000000000012c04df7a03662a5e38e945ca1f678218ff2d8c8cc9edd,ViaBTC,112.74.33.245:8333,39.109.11.25:8333,78.46.44.138:8333,88.99.107.117:8333,[2a01:4f8:200:6051::2]:8333,217.23.13.63:8333,46.166.148.218:8333,213.239.201.46:8333,136.243.64.23:8333,144.76.201.183:8333
524878,00000000000000000006c61de0c4e31089516871438859b8fbd66918a3d0f612,AntPool,195.201.162.199:8333,[2a01:4f8:10a:41c1::207]:8333,89.38.96.38:8333,[2a01:4f8:202:3392::2]:8333,5.9.155.73:8333,[2a01:4f8:13b:29d4::2]:8333,88.99.107.117:8333,136.243.64.23:8333,148.251.83.196:8333,178.63.22.78:8333
524877,000000000000000000323c43e0a804f34bc3e1ebd012007b620b5f9dfa764ea1,SlushPool,138.201.221.83:8333,[2a01:4f8:10b:d50::2]:8333,[2a01:4f8:202:3392::2]:8333,148.251.181.69:8333,[2a01:4f8:201:936b::2]:8333,178.63.22.78:8333,144.76.108.6:8444,88.99.107.117:8333,[2a01:4f8:160:4443::2]:8333,144.76.235.242:8333
524876,0000000000000000003888e0530634990c1f7bf63ce06626431be5dfa33ad6ec,BTPOOL,47.93.97.179:8333,[2a01:4f8:221:1384::2311]:8333,88.99.107.117:8333,47.93.25.228:8333,103.44.162.210:8333,47.93.33.61:8333,39.106.144.93:8333,213.136.75.121:8333,[2a01:4f8:10b:d50::2]:8333,5.9.157.183:8333
524875,0000000000000000003a8c4113ca3f4dfe8017faf68fc11ba90ffa57da0495c1,SlushPool,52.207.90.161:8333,94.23.250.222:9444,34.241.94.237:8333,67.205.182.87:8333,213.239.201.46:8333,34.249.147.81:8333,47.91.76.144:8333,[2a01:4f8:171:4dc::2]:8333,88.99.107.117:8333,[2607:5300:60:cff1::]:28633
524874,000000000000000000320d54ee49e56d85000e7fbd97e63e475c7700148e345a,SlushPool,52.207.90.161:8333,158.69.251.126:8333,52.6.48.67:8333,199.191.57.186:8333,[2607:5300:60:cff1::]:28633,158.69.127.6:8333,[2a01:4f8:120:73ce::2]:8333,[2607:f470:14:a:21d:7dff:fe01:bcee]:8333,198.100.148.129:8333,148.251.83.196:8333
524873,000000000000000000102d1d337c02fa651ef1c12542c304efb0f7e542fbe7af,F2Pool,83.137.248.39:8333,185.177.5.4:8333,120.92.91.36:8333,217.23.13.63:8333,217.182.197.228:8333,[2a01:4f8:10b:f04::2]:8333,84.140.221.132:8333,[2a01:4f8:201:936b::2]:8333,46.4.125.2:8333,[2a01:4f8:172:b53::2]:8333
524872,00000000000000000029bdcb6259153ac1f01c7f34916a2e1819dcbf6cb820c2,BTC.com,39.106.55.220:8333,78.47.168.239:8333,46.101.219.146:8333,185.164.4.33:8333,94.237.80.207:8333,[2a01:4f8:211:79f::2]:8333,[2001:67c:2564:331:5560:1dda:390e:d5a4]:8333,193.70.78.148:8333,5.9.140.228:8333,88.99.191.99:8333
524871,00000000000000000024ceba5fc535fe905b8fa89a48b5f96a1747f18ab424ac,AntPool,Not Found
524870,00000000000000000040d2a7cac37477dfe59b7b742cb5a3d306dfe4e6280d27,AntPool,139.219.12.145:8333,[2a01:4f8:201:936b::2]:8333,94.130.236.195:8333,46.4.60.36:8333,144.76.201.183:8333,120.92.94.121:8333,[2a01:4f8:221:801::2]:8333,5.9.32.134:8333,[2a01:4f8:172:b53::2]:8333,5.9.55.201:8333
524869,000000000000000000141d1bf4561edd78d3b1a2bbe1be726ccce5ecb1187603,BTC.com,54.36.62.40:18333,136.243.105.14:8333,[2a01:4f8:10b:d50::2]:8333,[2001:41d0:303:4140::]:8333,94.130.236.195:8333,120.77.36.28:8333,144.76.201.183:8333,94.130.161.228:8333,[2a01:4f8:201:42a6::2]:8333,34.249.147.81:8333
524868,00000000000000000028f26c403f8ca05f01dda9c5fe229cb61cc04ab2938f8e,BTCC,88.99.107.117:8333,88.99.146.100:8333,[2a01:4f8:10a:2aa3::3]:8333,46.166.148.218:8333,[2a01:4f8:13b:29d4::2]:8333,5.9.157.183:8333,136.243.64.23:8333,94.130.216.231:8333,[2a00:7c80:4::]:8333,178.132.2.34:8333
524867,0000000000000000000680613bea742fa2918005b3b1f713109642760dfb6633,AntPool,188.40.121.97:8333,[2a01:4f8:221:2e18::2]:8333,[2a01:4f8:171:d09::2]:8333,[2a01:4f8:13b:81::2]:8333,176.9.155.246:8333,78.46.85.134:8333,88.198.67.196:8333,[2001:41d0:303:2044::]:8333,88.99.107.117:8333,146.0.32.117:8333
524866,0000000000000000002325cc4ba5c4533ac5d8f3f2ada9d770522915fcce9b58,BTC.TOP,188.138.75.74:8333,144.76.82.166:8333,[2a01:4f8:192:4a5::2]:8333,144.76.182.84:8333,88.99.107.117:8333,[2a01:4f8:201:936b::2]:8333,46.166.148.218:8333,[2a01:4f8:172:b53::2]:8333,[2a01:4f8:221:801::2]:8333,144.76.201.183:8333
524865,0000000000000000003bea7f872d61a25fef35e036112e5c06259086980e1b8d,AntPool,34.215.66.150:8333,88.99.107.117:8333,88.99.146.100:8333,46.166.148.218:8333,[2a01:4f8:13b:29d4::2]:8333,104.236.54.147:8333,5.9.157.183:8333,136.243.64.23:8333,[2620:1e6:100:1605::4]:8333,165.227.206.46:8333
524864,0000000000000000002d233272d7e8190714fdfd2c6bb0c8d4ef1a5a12c42e30,DPOOL,Not Found
524863,0000000000000000002d10004863a9f23d6731f9444828d677ae824159d90c64,Bitcoin.com,Not Found
524862,0000000000000000003fee620b0c98def8ac03ba64bda852c3a00e122034e9a1,tiger,vk3qjdehyy4dwcxw.onion:8333,nrrfwdmrm3imuebn.onion:8333,k2gdzvryrx7v6ksw.onion:8333,xudkoztdfrsuyyou.onion:8333,alhlegtjkdmbqsvt.onion:8333,x4us46weh3feqw33.onion:8333,ndndword5lpb7eex.onion:8333,xs7oxzmaegncf66u.onion:8333,mdpt6w5sjwcnxtwy.onion:8333,i3a5xtzfm4xwtybd.onion:8333
524861,00000000000000000028b5bd76692f88b1b5eef726bd118f29bd1f2905002357,SlushPool,176.9.82.73:8333,46.4.102.164:8001,[2a01:4f8:151:2054::2]:8333,88.99.107.117:8333,176.9.31.76:8333,[2a01:4f8:10b:d50::2]:8333,88.198.67.196:8333,136.243.146.69:8333,178.63.22.78:8333,148.251.181.69:8333
524860,0000000000000000002de19c1c696aa248a25436a8066482f5ff514a9472610a,BTC.com,Not Found
524859,0000000000000000000255aef95f0b19d1cc57105c78d0fe1522d158029be0f3,BTC.com,54.36.62.40:18333,112.74.44.120:8333,120.77.36.28:8333,47.95.213.15:8333,18.194.233.63:8333,[2a01:4f8:172:1d54::2]:8333,88.99.107.117:8333,[2a01:4f8:13b:29d4::2]:8333,89.221.215.197:8333,195.201.162.199:8333
524858,000000000000000000341c1d56171254a54b2b26fbaeee974c9b3195a8c311ef,BTC.TOP,88.99.107.117:8333,88.99.146.100:8333,[2a01:4f8:10a:2aa3::3]:8333,[2a00:7c80:0:97::7]:8333,109.236.85.189:8333,1.255.226.186:8333,5.9.143.40:8333,[2a00:1768:2001:24::148:218]:8333,46.166.148.218:8333,59.110.12.129:8333
524857,0000000000000000004129b7f4310bde7b1fb03d1cf5f9f2750f8df1f5c6d345,BTC.com,ji65goyw5dxnzx2z.onion:8333,x4us46weh3feqw33.onion:8333,149.202.84.91:8333,183.248.243.22:8333,13.230.185.243:8333,52.50.254.150:8333,5.1.97.4:8333,159.65.85.156:8333,[2a01:4f8:a0:5268::2]:8333,149.202.200.42:8333
524856,0000000000000000002e73094ea521446cab7600b1b7001efde3d72c8ae497b6,AntPool,alhlegtjkdmbqsvt.onion:8333,mxdtrjhe2yfsx3pg.onion:8333,x4us46weh3feqw33.onion:8333,88.99.170.66:8333,51.15.84.98:8333,184.96.9.75:8333,62.169.219.213:8333,88.99.191.95:8333,13.251.43.163:8333
524855,000000000000000000410ff7944126cab175dfbb32ee8f1ec1e0beec0f4363be,AntPool,[2a01:4f8:160:636e::2]:8333,176.9.52.142:8333,95.216.16.171:8333,[2a01:4f9:2a:10d4::2]:8333,146.0.32.117:8333,185.86.15.25:8333,52.56.88.11:8333,[2a01:4f8:171:4dc::2]:8333,51.254.198.130:8333,54.36.61.28:8333
524854,0000000000000000002ca4d88ef6949262dd2f2beb8cc6555fabd98cf67acfd4,ViaBTC,52.74.90.217:8333,[2a03:b0c0:2:d0::8ce:4001]:8333,78.46.177.74:8333,167.99.218.93:8333,[2a01:4f8:1c17:4099::1]:8333,[2001:41d0:8:6ed9::3]:8333,83.101.77.82:8333,52.169.15.40:8333,5.178.68.215:8333
524853,0000000000000000002112566bd18c070ac2d38489282f47228d2727bae8b363,F2Pool,ndndword5lpb7eex.onion:8333,52.47.181.124:8333,37.48.124.83:8333,18.195.176.190:8333,[2001:1af8:4700:a071:4444::e26e]:8333,78.46.78.206:8333,[2620:1e6:100:1605::4]:8333,93.170.13.15:8333,185.25.48.184:8333,178.63.22.78:8333
524852,00000000000000000019edb13df43d4ce7f7232a6d301fbe282c4a08692cfea7,AntPool,alhlegtjkdmbqsvt.onion:8333,x4us46weh3feqw33.onion:8333,i3a5xtzfm4xwtybd.onion:8333,sslnjjhnmwllysv4.onion:8333,vlf5i3grro3wux24.onion:8333,dsrwqwijtsvi4dfk.onion:42434,ndndword5lpb7eex.onion:8333,ohgwa5y65z4eem7b.onion:8333
524851,00000000000000000030259ded438119e66717cb5f2bb73cba845ab79e674ac1,BTC.TOP,88.99.107.117:8333,88.99.146.100:8333,[2a01:4f8:10a:2aa3::3]:8333,[2a01:4f8:13b:29d4::2]:8333,46.166.148.218:8333,[2a01:4f8:10b:d50::2]:8333,172.96.161.244:8333,136.243.64.23:8333,47.93.25.228:8333,[2a01:4f8:121:4341::2]:8341
524850,0000000000000000003a96473547b113725b9ba0ade66ba28e0f0dbe8146f7ce,BTCC,88.99.107.117:8333,88.99.146.100:8333,[2a01:4f8:10a:2aa3::3]:8333,46.166.148.218:8333,5.9.157.183:8333,[2a01:4f8:13b:29d4::2]:8333,54.37.199.108:8333,172.96.161.244:8333,[2a01:4f8:200:44e4::2]:8333,94.177.12.183:8333
524849,00000000000000000012a47a3a5d73e60112d4de552b092c2a463e801a7f242f,58COIN,139.196.47.101:8333,[2a01:4f8:172:b53::2]:8333,144.76.114.239:8333,39.106.249.33:8333,103.44.162.50:8333,[2a01:4f8:13b:29d4::2]:8333,47.94.85.57:8333,39.105.113.70:8333,136.243.64.23:8333,88.198.47.6:8333
524848,0000000000000000003ba3aab92b0b9078ac55eff761aece60016d5554743d18,BitFury,80.92.178.116:8333,88.99.107.117:8333,46.166.148.218:8333,[2a01:4f8:13b:29d4::2]:8333,80.92.178.117:8333,31.146.211.4:8333,[2a01:4f8:121:4341::2]:8341,[2a01:4f8:10b:d50::2]:8333,88.198.67.196:8333,[2a01:4f8:212:1e16::2]:8333
524847,00000000000000000004c8169cc1debe47cd1eb77077e556d9b1cc611e7f62b9,Bitcoin.com,47.91.77.119:8333,213.133.108.178:8333,[2a01:4f8:173:1622::2]:8333,46.4.60.36:8333,[2a01:4f8:171:452::2]:8333,178.63.22.78:8333,94.130.47.134:8333,94.130.236.195:8333,94.130.216.231:8333,5.79.123.194:8333
524846,0000000000000000001d9458c04157030e849c13ed51a3954a576f204c61c396,BTC.com,i3a5xtzfm4xwtybd.onion:8333,f3nfioh27j2xlfe5.onion:8333,x4us46weh3feqw33.onion:8333,nrrfwdmrm3imuebn.onion:8333,kxsou2ikl3d4pyhv.onion:8333,k2gdzvryrx7v6ksw.onion:8333,toguvy5upyuctudx.onion:8333,xudkoztdfrsuyyou.onion:8333,4cii7ryno5j3axe4.onion:8333,dgs2gvxw4elsayqe.onion:8333
524845,00000000000000000018c24acf6128dacc176bad747d4839d81b0a3919830494,BTC.com,34.239.24.21:8333,[2a01:4f8:190:9005::2]:8333,[2a01:4f8:171:14c4::2]:8333,[2a01:4f8:202:7227::2]:8333,148.251.92.40:8333,82.211.31.142:8333,172.96.161.244:8333,52.72.156.74:8333,144.76.201.183:8333,188.218.127.167:8333
524844,000000000000000000052f10f3a32ac8fcb6c7cecac3fd204f2e992e4cfd413e,SlushPool,[2a01:4f8:202:32e9::3:1]:8333,91.121.97.23:8333,204.9.50.25:8333,139.162.255.131:8333,165.227.102.73:8333,128.237.154.17:8333,93.235.174.158:8333,[2a01:4f9:2a:1827::2]:8333,5.9.20.68:8333,95.216.23.216:8333
524843,00000000000000000032ebf88868f17464b4adeeabe8670b7ab652de8dba3364,F2Pool,91.21.152.67:8333,88.99.107.117:8333,[2a01:4f8:13b:29d4::2]:8333,46.166.148.218:8333,195.201.60.120:8333,[2a01:4f8:10b:d50::2]:8333,136.243.64.23:8333,88.198.67.196:8333,195.201.162.199:8333,[2a01:4f8:192:33a2::2]:8333
524842,000000000000000000004057ca9a705245cdc355ca6072226d1181f95899e925,SlushPool,Not Found
524841,00000000000000000007e385ea13abc72f212f71fc100570f637042276334bcc,BTC.com,138.201.50.84:8333,[2a01:4f8:172:b53::2]:8333,144.76.182.84:8333,185.25.60.199:8333,195.201.60.120:8333,78.47.68.244:8333,144.76.114.239:8333,[2a01:4f8:b10:5009::2]:8333,[2a01:4f8:13b:29d4::2]:8333,88.99.107.117:8333
524840,0000000000000000002ae8cfa71b651bcb31a8225264bb2d1b5d65566d4a147d,BTC.com,[2a01:4f8:13b:e26::902]:8333,78.46.44.138:8333,217.182.197.228:8333,[2001:41d0:700:2e4::]:8333,34.231.209.195:8333,[2a01:4f8:221:3441::2]:8333,46.4.33.254:8333,212.227.132.167:8333,103.44.162.210:8333,178.32.149.30:8333
524839,0000000000000000001b487719b4cb1b86684f41746b288340753bfbcb6dfebf,BTC.TOP,x4us46weh3feqw33.onion:8333,84.22.114.15:8333,[2001:41d0:303:2b2b::]:8333,141.138.138.83:8333,[2a01:7c8:aaaa:3a0:5054:ff:fe8c:974c]:8333,163.172.17.114:8333,147.135.252.43:8333,[2a02:2770:17:0:21a:4aff:fe7b:175f]:8333,86.56.238.247:8333,162.222.160.77:8333
524838,0000000000000000000c3eee95d3259aeea4ef162230b179d0e4d210e057034f,KanoPool,88.99.107.117:8333,88.99.146.100:8333,[2a01:4f8:10a:2aa3::3]:8333,[2a01:4f8:10a:2aa3::2]:8333,158.69.127.6:8333,88.198.67.196:8333,46.166.148.218:8333,136.243.64.23:8333,[2a01:4f8:13b:29d4::2]:8333,5.9.157.183:8333
524837,00000000000000000034127ab163abb453ff2aa663720ff8371c1d71443235d5,BTC.com,54.36.62.40:18333,[2001:41d0:303:4140::]:8333,112.74.44.120:8333,[2a01:4f8:10b:d50::2]:8333,144.76.108.6:8444,94.130.161.228:8333,52.57.212.185:8333,144.76.201.183:8333,195.201.162.199:8333,94.130.236.195:8333
524836,00000000000000000023c8a6d2ce6a84e5aecc59b9af04925d764ea83f64d541,BTC.TOP,88.99.107.117:8333,88.99.146.100:8333,[2a01:4f8:10a:2aa3::3]:8333,46.166.148.218:8333,[2a01:4f8:202:500c::2]:8333,[2a01:4f8:13b:29d4::2]:8333,136.243.64.23:8333,5.9.157.183:8333,195.201.60.120:8333,94.130.216.231:8333
524835,0000000000000000001eea60024ec2bf9ad15c5519234ffe4f8177db9eb1f64f,BTC.com,54.36.62.40:18333,[2001:67c:1220:80c::93e5:dd2]:8333,[2a01:4f8:13b:3da8::2]:8333,136.243.105.14:8333,[2001:41d0:303:4140::]:8333,[2a01:4f8:10b:d50::2]:8333,144.76.108.6:8444,94.130.236.195:8333,54.36.61.28:8333,37.187.75.24:8333
524834,0000000000000000003f041983bb9f6eabbea8a71de4a3b8b8c1651993ad6a91,BTC.TOP,88.99.107.117:8333,88.99.146.100:8333,[2a01:4f8:10a:2aa3::3]:8333,[2a01:4f8:10a:2aa3::2]:8333,46.166.148.218:8333,[2a01:4f8:13b:29d4::2]:8333,136.243.64.23:8333,[2a01:4f8:10b:d50::2]:8333,5.9.157.183:8333,144.76.185.71:8333
524833,00000000000000000019a1ff27e4307c70750452960bb6dae509216fd22e02a1,AntPool,182.92.226.212:8333,88.99.107.117:8333,88.99.146.100:8333,[2a01:4f8:10a:2aa3::3]:8333,84.16.38.218:8333,109.236.85.189:8333,5.9.143.40:8333,[2a00:1768:2001:24::148:218]:8333,46.166.148.218:8333,[2a01:4f8:13b:29d4::2]:8333
524832,000000000000000000334b68492d23707ca474bd94fbd3e9513614bc05e1b36e,F2Pool,88.99.107.117:8333,88.99.146.100:8333,[2a01:4f8:10a:2aa3::3]:8333,46.166.148.218:8333,5.9.157.183:8333,88.198.67.196:8333,195.201.60.120:8333,[2a01:4f8:13b:5c7::2]:8333,136.243.64.23:8333,144.76.182.84:8333
524831,0000000000000000001e4a65f1dd5235eddba28364ef91f17024bc27f909024b,BTC.com,54.36.62.40:18333,136.243.105.14:8333,[2001:41d0:303:4140::]:8333,34.249.147.81:8333,94.130.161.228:8333,144.76.108.6:8444,195.201.60.120:8333,[2a01:4f8:13b:5c7::2]:8333,88.99.107.117:8333,54.36.61.28:8333
524830,00000000000000000037315f72289f49057c09f321fdfc2a5fd11ce85fc77af7,BTC.com,138.201.50.84:8333,[2a01:4f8:172:b53::2]:8333,185.25.60.199:8333,144.76.182.84:8333,195.201.60.120:8333,[2a01:4f8:13b:5c7::2]:8333,[2a01:4f8:10b:d50::2]:8333,47.95.213.15:8333,[2a01:4f8:201:936b::2]:8333,[2a01:4f8:13b:29d4::2]:8333
524829,0000000000000000001731c589a027b0de1e168a2fee53799d20499fc8a11ec3,AntPool,39.106.248.226:8333,39.106.249.33:8333,39.105.113.70:8333,47.95.213.15:8333,88.99.107.117:8333,46.166.148.218:8333,120.79.60.29:8333,139.219.12.145:8333,[2a01:4f8:13b:29d4::2]:8333,120.78.64.208:8333
524828,00000000000000000022272798b856bac229dbf9c83161d9b2046dce030b1ac2,BTC.com,vk3qjdehyy4dwcxw.onion:8333,bxiohuwokcehfwfq.onion:8333,f3nfioh27j2xlfe5.onion:8333,dgs2gvxw4elsayqe.onion:8333,kxsou2ikl3d4pyhv.onion:8333,xs7oxzmaegncf66u.onion:8333,kkdas3qebkosygu5.onion:8333,xudkoztdfrsuyyou.onion:8333,ru4pblzmqiglkbh4.onion:8333,k2gdzvryrx7v6ksw.onion:8333
524827,0000000000000000003ea17f0e8b6cdd440d8344783caba6d2a7649facf580eb,BTC.TOP,nkf5e6b7pl4jfd4a.onion:8333,i3a5xtzfm4xwtybd.onion:8333,nrrfwdmrm3imuebn.onion:8333,x4us46weh3feqw33.onion:8333,in7r5ieo7ogkxbne.onion:8333,yu7sezmixhmyljn4.onion:8333,kxsou2ikl3d4pyhv.onion:8333,f3nfioh27j2xlfe5.onion:8333,ndndword5lpb7eex.onion:8333
524826,0000000000000000000d75715a943ac72cf02cb270d60ea085b99e5e6a93b5c2,BTC.com,54.36.62.40:18333,[2001:67c:1220:80c::93e5:dd2]:8333,112.74.44.120:8333,54.37.199.108:8333,34.249.147.81:8333,120.77.36.28:8333,88.99.107.117:8333,195.201.60.120:8333,[2a01:4f8:172:b53::2]:8333,47.93.25.228:8333
524825,00000000000000000035502e2794b6d111ba9d8fa51729556198b4a553ae8604,BTC.com,jgey4lr37eiq7cmy.onion:8333,dsrwqwijtsvi4dfk.onion:42434,nkf5e6b7pl4jfd4a.onion:8333,q2a64esjd3exs4lh.onion:8333,kxsou2ikl3d4pyhv.onion:8333,mxdtrjhe2yfsx3pg.onion:8333,i3a5xtzfm4xwtybd.onion:8333,xs7oxzmaegncf66u.onion:8333,yu7sezmixhmyljn4.onion:8333,dgs2gvxw4elsayqe.onion:8333
524824,0000000000000000001793adae7e0e722c5e3b85b01b9a4c2e87c8a68df5fb43,BTC.com,119.23.35.100:8333,120.79.64.237:8333,120.78.203.30:8333,88.99.107.117:8333,39.108.113.72:8333,107.191.116.103:8333,148.66.60.178:8333,165.194.35.203:8333,116.238.240.246:8333,210.180.118.84:8333
524823,00000000000000000034b142c051039558c5eb7d50d98229a8030ec9e3e89e18,SlushPool,195.201.60.120:8333,[2a01:4f8:13b:5c7::2]:8333,[2001:41d0:1:9420::]:8333,194.15.231.236:8333,37.187.75.24:8333,[2a01:4f8:171:4dc::2]:8333,147.135.136.189:8333,[2a01:4f8:10b:f04::2]:8333,82.95.74.49:8333,[2a01:7c8:fffa:50e:3035:741b:be02:b5de]:8333
524822,0000000000000000002b9ee323dfdeed5c049b7c2718b8d09516a0e68a1c989f,SlushPool,Not Found
524821,00000000000000000014b317947b9b51abc64ff6b0131652207731b4bd60506f,SlushPool,[2a01:4f8:120:73ce::2]:8333,78.46.93.239:8333,[2a01:4f8:10b:d50::2]:8333,178.63.22.78:8333,54.37.199.108:8333,[2a01:4f8:202:3392::2]:8333,144.76.235.242:8333,[2001:41d0:2:a5a9::]:8333,37.187.75.24:8333,144.76.182.84:8333
524820,000000000000000000130b9afe1f634cb8279e2d8041e6adc7b84d4ee1078209,BTC.TOP,47.88.76.141:8333,206.123.112.180:8333,[2a01:4f8:202:32c6::2]:8333,50.35.67.146:8333,159.100.247.16:8333,[2a01:238:422c:3800:4174:73db:151d:1345]:8333,67.7.123.121:8333,54.186.116.244:8333,88.198.67.196:8333,94.130.165.243:8333
524819,000000000000000000039433d4393f038a27a8b54cfaf4ada7129bf6e54faeb3,SlushPool,vk3qjdehyy4dwcxw.onion:8333,kxsou2ikl3d4pyhv.onion:8333,mxdtrjhe2yfsx3pg.onion:8333,x4us46weh3feqw33.onion:8333,23wdfqkzttmenvki.onion:8333,f3nfioh27j2xlfe5.onion:8333,r3dsojfhwcm7x7p6.onion:8333,j6p3cwj4hiwamzhm.onion:8333,5ptuzplawb3svsos.onion:8333,toguvy5upyuctudx.onion:8333
524818,0000000000000000001b2b2a97cce112890518cb4a53b9a983c5e485a94187fe,BTC.TOP,nrrfwdmrm3imuebn.onion:8333,bitcoin4rlfa4wqx.onion:8333,bxiohuwokcehfwfq.onion:8333,toguvy5upyuctudx.onion:8333,x4us46weh3feqw33.onion:8333,kkdas3qebkosygu5.onion:8333,xudkoztdfrsuyyou.onion:8333,342ouaetvqzgepjx.onion:8333,ru4pblzmqiglkbh4.onion:8333
524817,00000000000000000028b366e3f6d065693eee44410756515f3f5e942c8b0198,SlushPool,188.166.97.85:8333,[2a01:4f8:160:542e::2]:8333,88.67.77.241:8333,85.10.246.217:8333,[2a01:4f8:140:604f::2]:8333,46.4.79.187:8333,13.126.57.103:8333,37.153.1.150:8333,37.17.230.23:8333,62.210.167.199:8333
524816,0000000000000000000cfd08411c96bf172e90392a6afad86639ad3fde91b588,ViaBTC,59.110.218.88:8333,39.106.56.22:8333,47.93.33.61:8333,47.93.25.228:8333,89.38.96.38:8333,88.99.107.117:8333,39.105.113.70:8333,[2a01:4f8:172:1d54::2]:8333,46.166.148.218:8333,[2a01:4f8:13b:29d4::2]:8333
524815,0000000000000000002a51bfdb1fffd14ad242f513a6c9846f561beeb078a589,BitFury,178.255.144.163:8333,88.99.107.117:8333,46.166.148.218:8333,5.9.157.183:8333,178.63.22.78:8333,88.198.67.196:8333,136.243.64.23:8333,[2a01:4f8:10b:d50::2]:8333,178.132.2.34:8333,94.177.12.183:8333
524814,0000000000000000002f464a2da19ca014b770d4830eff450a718dcba1477c4f,AntPool,182.92.226.212:8333,47.95.2.17:8333,88.99.107.117:8333,39.106.56.22:8333,46.166.148.218:8333,103.44.162.50:8333,47.93.25.228:8333,[2a01:4f8:13b:29d4::2]:8333,47.93.33.61:8333,5.9.157.183:8333
524813,000000000000000000378eb0ada8173401f44ce9baf162b41e9db1b2cf24b70e,BTC.com,kxsou2ikl3d4pyhv.onion:8333,x4us46weh3feqw33.onion:8333,f3nfioh27j2xlfe5.onion:8333,bxiohuwokcehfwfq.onion:8333,mxdtrjhe2yfsx3pg.onion:8333,342ouaetvqzgepjx.onion:8333,xudkoztdfrsuyyou.onion:8333,toguvy5upyuctudx.onion:8333,tthbhjnjsu4xxnys.onion:8333,nrrfwdmrm3imuebn.onion:8333
524812,0000000000000000002dfdbd5314f5efd8e663302520eb33a00f25c2279f12ef,WAYI.CN,x4us46weh3feqw33.onion:8333,i3a5xtzfm4xwtybd.onion:8333,kxsou2ikl3d4pyhv.onion:8333,toguvy5upyuctudx.onion:8333,mxdtrjhe2yfsx3pg.onion:8333,k2gdzvryrx7v6ksw.onion:8333,vk3qjdehyy4dwcxw.onion:8333,tyya3yxjoj4qtekb.onion:8333,ru4pblzmqiglkbh4.onion:8333,342ouaetvqzgepjx.onion:8333
524811,00000000000000000006e2f8acbcf569f1c432d9eb888a160458e5b30bc63e15,SlushPool,69.195.152.114:8333,34.246.174.198:8333,47.90.213.48:8333,195.201.162.199:8333,159.8.4.19:8333,178.132.2.34:8333,[2a00:7c80:4::]:8333,54.37.199.108:8333,46.166.148.218:8333,78.46.85.134:8333
524810,0000000000000000003831ed0dc884eaff3f598b613b40d26bc2cfa4c56807a3,BTC.com,31.210.172.5:8333,54.36.61.64:8333,188.40.71.200:8333,46.4.66.208:8333,121.196.245.35:16575,185.38.13.26:8333,[2a01:4f8:221:801::2]:8333,178.62.34.210:8333,91.202.67.107:8333,78.46.85.134:8333
524809,00000000000000000032a02a046eb9f4bd3d55105c8603a5a686c96c7bbc65ad,ViaBTC,112.74.33.245:8333,112.74.171.220:8333,47.93.33.61:8333,103.44.162.50:8333,88.99.107.117:8333,54.179.189.106:8333,59.110.12.12:8333,39.107.14.236:8333,[2a00:1768:2001:24::148:218]:8333,46.166.148.218:8333
524808,000000000000000000142b01ee0fc7076fb9fd8d8e27d294879a3505aac1bf8e,BTC.com,[2a01:4f8:221:1384::2311]:8333,47.95.211.213:8333,18.184.10.0:8333,146.185.183.226:8444,[2a01:4f8:201:936b::2]:8333,39.106.56.22:8333,144.76.108.6:8444,[2a01:4f8:192:33a2::2]:8333,46.4.60.36:8333,[2a01:4f8:221:801::2]:8333
524807,00000000000000000020f9b64ef90c1803a5c5887ec24411df7480619427a92d,BTC.TOP,88.99.107.117:8333,88.99.146.100:8333,[2a01:4f8:10a:2aa3::3]:8333,39.106.56.22:8333,[2a01:4f8:13b:29d4::2]:8333,94.130.236.195:8333,[2a01:4f8:201:936b::2]:8333,47.93.33.61:8333,148.251.83.196:8333,[2a01:4f8:10b:d50::2]:8333
524806,0000000000000000001d2c6452395dbced6ce81462dbb1d52af4715e0603815d,BTC.TOP,[2a01:4f8:200:6051::2]:8333,144.76.182.84:8333,88.99.107.117:8333,188.138.75.74:8333,[2a01:4f8:10a:2aa3::3]:8333,[2a01:4f8:201:936b::2]:8333,[2a01:4f8:212:1826::2]:8333,136.243.57.38:8333,193.70.33.8:8333,[2001:41d0:303:508::]:8333
524805,00000000000000000020181d52af1d3136c61417f4f1798f7e737244ebfa042c,BTC.TOP,Not Found
524804,000000000000000000091f0f24a68dd0a0ae4ce78afc38ec69bea60a39d7f51e,F2Pool,mxdtrjhe2yfsx3pg.onion:8333,x4us46weh3feqw33.onion:8333,dsrwqwijtsvi4dfk.onion:42434,tthbhjnjsu4xxnys.onion:8333,vk3qjdehyy4dwcxw.onion:8333,bxiohuwokcehfwfq.onion:8333,mdpt6w5sjwcnxtwy.onion:8333,5ptuzplawb3svsos.onion:8333
524803,00000000000000000004723bbe82c07d4ad9d0e1b875fb0015eb9387ea84b136,Bixin,88.99.107.117:8333,88.99.146.100:8333,[2a01:4f8:10a:2aa3::3]:8333,46.166.148.218:8333,39.106.56.22:8333,[2a01:4f8:13b:29d4::2]:8333,5.9.157.183:8333,47.93.33.61:8333,136.243.64.23:8333,94.130.216.231:8333
524802,0000000000000000000725157f1d9b6cfd860794f2d2e93b830b7bb4a2e9ea94,BTCC,88.99.107.117:8333,88.99.146.100:8333,[2a01:4f8:10a:2aa3::3]:8333,[2a00:1768:2001:24::148:218]:8333,46.166.148.218:8333,[2a01:4f8:13b:29d4::2]:8333,39.106.56.22:8333,136.243.64.23:8333,[2a01:4f8:200:44e4::2]:8333,5.9.157.183:8333
524801,0000000000000000003ff739422d0b471679bafc93931cb828661361a8c094de,BTC.TOP,vk3qjdehyy4dwcxw.onion:8333,ndndword5lpb7eex.onion:8333,mxdtrjhe2yfsx3pg.onion:8333,x4us46weh3feqw33.onion:8333,bitcoin4rlfa4wqx.onion:8333,toguvy5upyuctudx.onion:8333,vsazvsm5zfrazhvi.onion:8333,k2gdzvryrx7v6ksw.onion:8333,mdpt6w5sjwcnxtwy.onion:8333
524800,000000000000000000310c7bdfb4bc160e249aa8c35a7bdadb6676d7c73ecade,ViaBTC,67.205.139.55:8333,64.20.50.203:8333,67.205.187.44:8333,47.89.184.214:8333,47.89.191.220:8333,198.211.102.77:8333,159.65.35.237:8333,52.225.128.191:8333,142.44.176.176:8333,167.114.172.71:8333
524799,00000000000000000007690a657e93a6e61104fd5d97321f2678149485aec5f2,BTC.com,89.179.125.124:8333,94.181.190.12:8333,80.109.185.147:8333,186.150.154.251:8333,[2001:1970:5ae2:2b00:30bd:7910:c84:7a8f]:8333,[2002:5bce:1253::5bce:1253]:8333,70.91.247.169:8333,104.198.85.85:8333,122.100.186.58:8333,101.65.223.198:8333
524798,0000000000000000003becda25f01fade5a5acec50af9dc25f04cd7ba75092e2,SlushPool,92.186.231.240:8333,144.76.40.144:3333,[2a01:4f8:140:9409::2]:8002,46.4.102.164:8002,[2a01:4f8:120:73ce::2]:8333,94.177.12.183:8333,[2a01:4f8:202:3392::2]:8333,144.76.182.84:8333,[2a01:4f8:10b:d50::2]:8333,185.164.4.33:8333
524797,0000000000000000002460beeb2a03552546338424ddf210d18e7697baee7f65,ViaBTC,47.254.134.142:8333,148.251.80.11:8333,78.46.44.138:8333,37.187.75.24:8333,86.9.213.58:8333,94.130.236.195:8333,[2a02:c205:2010:6230::1]:8333,213.136.75.121:8333,88.99.107.117:8333,[2a01:4f8:171:4dc::2]:8333
524796,0000000000000000001a05ea9a850d58470a55a32348e758d3fc874fa3972273,BTCC,88.99.146.100:8333,[2a01:4f8:10a:2aa3::3]:8333,88.99.107.117:8333,46.166.148.218:8333,[2a01:4f8:13b:29d4::2]:8333,136.243.64.23:8333,5.9.157.183:8333,94.130.236.195:8333,195.201.162.199:8333,94.130.216.231:8333
524795,00000000000000000039df937021addf75f5722a90a716d7fb2eec98140221e6,BTC.TOP,Not Found
524794,000000000000000000242981243fe3ac1f2e42939f5bff2e6e95e61bab38ef5b,Bixin,Not Found
524793,00000000000000000040d48aaf0e84c921c5c4ce421081dacba63e2b1817a4ee,F2Pool,35.196.59.166:8333,35.190.222.209:8333,54.179.189.106:8333,109.236.88.245:8333,77.101.188.176:8333,188.116.56.84:8333,46.101.187.17:8333,159.89.19.181:8333,185.87.193.12:8333,178.199.49.164:8333
524792,0000000000000000000fb8e1f5dc6bc2270b5ee159b66eb7239e3fff41c4fb27,BTC.com,Not Found
524791,0000000000000000001002ebe33ecbb9cd23b2854e2a2f794d03193fa6f323fc,BTCC,Not Found
524790,000000000000000000030a21df49cffdb82124ebf35941ff44574b0e9879f59c,BTCC,x4us46weh3feqw33.onion:8333,mxdtrjhe2yfsx3pg.onion:8333,xs7oxzmaegncf66u.onion:8333,kxsou2ikl3d4pyhv.onion:8333,toguvy5upyuctudx.onion:8333,i3a5xtzfm4xwtybd.onion:8333,3ihjnsvwc3x6dp2o.onion:8333,dgs2gvxw4elsayqe.onion:8333,vk3qjdehyy4dwcxw.onion:8333,m2j5lmsgpvd3ytta.onion:8333
524789,00000000000000000002b3cde27c420572c94a6c070014c953f27a1caff97d7b,F2Pool,mxdtrjhe2yfsx3pg.onion:8333,xs7oxzmaegncf66u.onion:8333,toguvy5upyuctudx.onion:8333,z33nukt7ngik3cpe.onion:8333,w4bh4cputinlptzm.onion:8333,x4us46weh3feqw33.onion:8333,i3a5xtzfm4xwtybd.onion:8333,nrrfwdmrm3imuebn.onion:8333,vsazvsm5zfrazhvi.onion:8333,kxsou2ikl3d4pyhv.onion:8333
524788,0000000000000000000ed19f39d3c5b5132bb637ca353f2702f73402abcbc627,SlushPool,toguvy5upyuctudx.onion:8333,x4us46weh3feqw33.onion:8333,mxdtrjhe2yfsx3pg.onion:8333,5ptuzplawb3svsos.onion:8333,vk3qjdehyy4dwcxw.onion:8333,sslnjjhnmwllysv4.onion:8333,kxsou2ikl3d4pyhv.onion:8333,i3a5xtzfm4xwtybd.onion:8333,q2a64esjd3exs4lh.onion:8333,hda7fvzq3voh7mu6.onion:8333
524787,0000000000000000002eec00f08fe7664f0d2319e5d7f9e9dd4e0fc9e04da674,BTC.com,78.46.50.37:8333,188.116.56.84:8333,[2a01:4f8:190:9005::2]:8333,[2a01:4f8:110:3070::2]:8333,[2a01:4f8:13b:131b::2]:8333,93.190.142.161:8333,188.116.17.178:8333,94.130.237.36:8333,46.4.125.2:8333,144.76.201.183:8333
524786,0000000000000000003523623fe99fa7ceed898bfc7d6a1d3c613f139d5bcbd3,KanoPool,Not Found
524785,0000000000000000001dbd56858a95b6ab8c42c168973d50b5c37e98f3f3cd53,AntPool,91.197.65.70:8333,[2a01:4f8:171:4dc::2]:8333,94.130.216.231:8333,195.201.60.120:8333,136.243.64.23:8333,94.130.140.225:8333,172.96.161.244:8333,217.182.197.228:8333,[2a01:4f8:202:3392::2]:8333,52.213.107.170:8333
524784,000000000000000000181e7ceccaa44c71d311272d2846b190d2f952cbae2d34,BTC.com,39.106.28.250:8333,39.105.82.14:8333,120.79.63.67:8333,88.99.107.117:8333,46.166.148.218:8333,112.74.44.120:8333,176.31.105.67:8333,103.44.162.50:8333,39.106.49.18:8333,94.130.236.195:8333
524783,0000000000000000000b58261d4115adae7697daa9c345549a15f732eceeaa7f,ViaBTC,i3a5xtzfm4xwtybd.onion:8333,mxdtrjhe2yfsx3pg.onion:8333,q2a64esjd3exs4lh.onion:8333,x4us46weh3feqw33.onion:8333,toguvy5upyuctudx.onion:8333,vk3qjdehyy4dwcxw.onion:8333,f3nfioh27j2xlfe5.onion:8333,hda7fvzq3voh7mu6.onion:8333,dsrwqwijtsvi4dfk.onion:42434,nrrfwdmrm3imuebn.onion:8333
524782,0000000000000000003422bf8faabe82baa3c46f111e2fd4ab4146595decc278,SlushPool,142.44.176.176:8333,94.237.80.110:8333,[2a04:3542:1000:910:8492:b8ff:fe91:5005]:8333,94.23.211.156:8333,46.4.123.61:8333,94.254.21.81:8333,[2604:a880:800:a1::55e:d001]:8333,18.219.203.138:8333,47.90.213.48:8333,217.182.192.59:8333
524781,000000000000000000249307e9a091188b5551e8fc613bbac884a8363df456dd,SlushPool,34.216.106.61:8333,153.126.144.46:8333,104.198.116.145:8333,[2a01:4f8:10b:ee1::2]:8333,94.130.10.158:8333,167.99.212.188:8333,212.51.139.57:8333,kxsou2ikl3d4pyhv.onion:8333,x4us46weh3feqw33.onion:8333,mxdtrjhe2yfsx3pg.onion:8333
524780,000000000000000000366738ec1a6f9934190c6fdc08bff2fa66509f156ce8ff,BTC.com,Not Found
524779,0000000000000000004055dc65c1f67737a72e73de470ee8caa30c1a60d790ee,BTC.com,54.36.62.40:18333,[2001:67c:1220:80c::93e5:dd2]:8333,[2a01:238:422c:3800:4174:73db:151d:1345]:8333,[2001:41d0:303:4140::]:8333,144.76.108.6:8444,34.249.147.81:8333,94.130.161.228:8333,[2a01:4f8:201:936b::2]:8333,37.187.75.24:8333,88.99.107.117:8333
524778,00000000000000000009b00ce5a4e51aa93509b3658bbb74045cfc9af34709c4,BTC.com,91.229.23.122:8333,88.99.107.117:8333,88.99.146.100:8333,[2a01:4f8:10a:2aa3::3]:8333,46.166.148.218:8333,[2a01:4f8:13b:29d4::2]:8333,104.236.54.147:8333,5.9.157.183:8333,136.243.64.23:8333,165.227.206.46:8333
524777,0000000000000000001fc7ec89c5e0b6a9a499a0a8a41397bd180be508b937ed,BitClub,88.99.107.117:8333,88.99.146.100:8333,[2a01:4f8:10a:2aa3::3]:8333,46.166.148.218:8333,[2a01:4f8:13b:29d4::2]:8333,165.227.206.46:8333,136.243.64.23:8333,104.236.54.147:8333,54.37.199.108:8333,[2a01:4f8:121:4341::2]:8341
524776,00000000000000000011950b61aa16586d5f5f5623b4bbb3eb7bd437cc657fa3,BTC.com,47.95.213.15:8333,39.106.22.237:8333,39.106.56.22:8333,47.95.211.213:8333,88.99.107.117:8333,47.94.224.99:8333,39.105.84.81:8333,[2a01:4f8:121:4341::2]:8341,46.166.148.218:8333,[2a01:4f8:13b:29d4::2]:8333
524775,00000000000000000039d15c6d272c1ccd462074531aa636ffc80ff8bbd92ea4,haominer,120.78.198.135:8333,47.52.142.245:8333,47.75.0.241:8333,45.77.42.153:8333,199.188.204.155:8333,47.75.132.115:8333,52.77.235.168:8333,54.169.196.130:8333,43.242.35.79:8333,39.105.84.81:8333
524774,0000000000000000003f85ac82edf466eebce017f3e14f7f23c5dbf326feff7b,BTC.com,39.106.28.250:8333,39.105.82.14:8333,120.77.241.19:8333,88.99.107.117:8333,88.99.146.100:8333,46.166.148.218:8333,[2a01:4f8:13b:29d4::2]:8333,103.44.162.50:8333,136.243.64.23:8333,47.94.224.99:8333
524773,0000000000000000003f8da599068726037896d6ad601fb39d7b3f8c7a7a74a8,BTC.com,54.36.62.40:18333,[2001:67c:1220:80c::93e5:dd2]:8333,[2a01:4f8:13b:3da8::2]:8333,[2001:41d0:303:4140::]:8333,[2a01:4f8:10b:d50::2]:8333,144.76.108.6:8444,34.249.147.81:8333,88.99.107.117:8333,94.130.161.228:8333,89.163.140.182:8333
524772,000000000000000000341b599fc83b52fe6923f6cac029f075f3954a212819ec,F2Pool,88.99.107.117:8333,88.99.146.100:8333,39.106.49.18:8333,[2a01:4f8:10a:2aa3::3]:8333,47.93.33.61:8333,46.166.148.218:8333,39.105.84.81:8333,47.94.224.99:8333,[2a01:4f8:13b:29d4::2]:8333,[2a01:7a0:2:137c::3]:8333
524771,0000000000000000003e20a9e9eb3af6250115045085f8a08dad1322ef17e892,BTCC,88.99.107.117:8333,88.99.146.100:8333,[2a01:4f8:10a:2aa3::3]:8333,46.166.148.218:8333,[2a01:4f8:13b:29d4::2]:8333,5.9.157.183:8333,[2a01:4f8:121:4341::2]:8341,136.243.64.23:8333,80.114.90.42:8333,37.48.77.234:8333
524770,0000000000000000002537236acb419d8e3ae299e0786d28bfec3149caeb9f5f,SlushPool,69.195.152.114:8333,[2a00:1768:2001:24::148:218]:8333,46.166.148.218:8333,178.132.2.34:8333,[2a00:7c80:4::]:8333,5.254.82.130:8333,144.76.220.47:8331,136.243.64.23:8333,88.99.107.117:8333,94.130.140.225:8333
524769,00000000000000000027aca585ae851cd080c7dc8ce259c9305ad8df34436807,Bixin,88.99.107.117:8333,88.99.146.100:8333,[2a01:4f8:10a:2aa3::3]:8333,46.166.148.218:8333,[2a01:4f8:13b:29d4::2]:8333,39.106.161.228:8333,136.243.64.23:8333,46.4.102.164:8002,47.93.33.61:8333,[2a01:4f8:10a:41c1::207]:8333
524768,0000000000000000003607519be0f43524486bdb5f0c3d2a448562ffb78dc529,BTC.TOP,Not Found
524767,000000000000000000211248b4c7b7269e4c28e7bc860cda33f2a7439cd00629,BTC.TOP,193.70.33.8:8333,[2001:41d0:303:508::]:8333,88.99.107.117:8333,[2a01:4f8:13b:29d4::2]:8333,46.166.148.218:8333,[2a01:4f8:172:b53::2]:8333,85.214.56.120:8333,46.4.123.61:8333,136.243.64.23:8333,82.211.31.142:8333
524766,0000000000000000003c3a2eea7612f898d644d8fe8b244058ba5fe2305e860b,F2Pool,toguvy5upyuctudx.onion:8333,x4us46weh3feqw33.onion:8333,mxdtrjhe2yfsx3pg.onion:8333,k2gdzvryrx7v6ksw.onion:8333,kxsou2ikl3d4pyhv.onion:8333,f3nfioh27j2xlfe5.onion:8333,nrrfwdmrm3imuebn.onion:8333,uzzyjgqlf47ackbr.onion:8333,tyya3yxjoj4qtekb.onion:8333,vsazvsm5zfrazhvi.onion:8333
524765,0000000000000000001ae704651a5c00f82652f4c923c1f259448b889e7cb404,tiger,39.105.25.136:8333,183.193.214.206:8333,5.79.75.28:8333,46.4.95.69:8333,[2a01:4f8:151:2405::2]:8333,94.130.216.231:8333,[2a01:4f8:173:1622::2]:8333,82.115.176.106:8333,31.27.156.3:8333,88.99.107.117:8333
524764,0000000000000000003bc7f82da5d54e3a01b14035c54cbfd530f962abeabbbe,BTC.com,47.95.211.213:8333,94.130.236.195:8333,[2a01:4f8:172:b53::2]:8333,39.106.22.237:8333,88.99.107.117:8333,[2001:41d0:8:6ed9::3]:8333,136.243.64.23:8333,39.105.84.81:8333,148.251.83.196:8333,[2a01:4f8:221:801::2]:8333
524763,0000000000000000002dc174ec5b4196c0101623f99ff2eac015b484491f0504,BTC.com,23wdfqkzttmenvki.onion:8333,nrrfwdmrm3imuebn.onion:8333,bitcoin4rlfa4wqx.onion:8333,[2a02:8084:2846:e080:2f5c:a4b2:21e9:86e2]:8333,99.192.8.38:8333,72.219.220.70:8333,71.7.234.18:8333,144.217.233.218:8333,[2607:fea8:a7df:fa8e:88d9:448f:287b:e540]:8333,35.203.3.115:8333
524762,00000000000000000003d0a6ca9e3611bde78763b1796bc50386e4575723cd3d,BTC.TOP,59.110.12.129:8333,88.99.107.117:8333,52.57.212.185:8333,195.201.162.199:8333,46.166.148.218:8333,[2a01:4f8:13b:29d4::2]:8333,[2a01:4f8:172:b53::2]:8333,5.9.157.183:8333,46.4.102.164:8002,94.130.236.195:8333
524761,00000000000000000035ce52c3c5055081085a8ac267f375a2fd26d3942d656a,Bitcoin.com,54.36.61.64:8333,[2001:41d0:303:4140::]:8333,144.76.108.6:8444,94.130.161.228:8333,95.216.16.171:8333,188.218.127.167:8333,89.221.215.197:8333,82.150.180.30:8333,[2a01:e35:8bff:70b0:1e1b:dff:fe0b:236d]:8333,[2a01:4f8:171:4dc::2]:8333
524760,0000000000000000002b336b6dc9874917d18c0dac0312a60b8af520629572e3,AntPool,185.3.233.32:8333,84.16.38.218:8333,39.106.55.220:8333,123.56.9.169:8333,94.130.236.195:8333,39.106.22.237:8333,88.99.107.117:8333,39.105.84.81:8333,144.76.108.6:8444,148.251.83.196:8333
524759,0000000000000000004070b9f1bf4a840eea966234d3cbbf41ea29145be05072,BTC.com,Not Found
524758,000000000000000000134e28aba8a3e3a7c0943f04b2f50920e7a929e8570274,BTC.com,54.36.62.40:18333,148.251.83.196:8333,88.99.107.117:8333,39.105.82.159:8333,144.76.108.6:8444,94.130.161.228:8333,[2a01:4f8:172:3594::2]:8333,46.166.148.218:8333,[2a01:4f8:192:db::2]:8333,34.249.147.81:8333
524757,00000000000000000040b256b914ec4fd28157fcda25e4c22f1233be964a14da,BTC.com,54.36.62.40:18333,212.51.146.159:8333,34.249.147.81:8333,39.105.82.159:8333,148.251.83.196:8333,88.99.107.117:8333,39.105.84.81:8333,46.165.245.221:8333,144.76.182.84:8333,46.101.77.53:8333
524756,00000000000000000020d3dc87656fe79688dc9fe15c57b4bfd4b80feb54da52,BTC.com,47.95.213.15:8333,39.106.55.220:8333,39.106.22.237:8333,94.130.236.195:8333,144.76.108.6:8444,88.99.107.117:8333,31.27.156.3:8333,82.211.31.142:8333,138.68.98.149:8333,[2a01:4f8:221:801::2]:8333
524755,0000000000000000001ccd03ad309f4cdb36bee7a62760277b1e7bb7736e68f9,AntPool,94.130.131.239:8333,[2a01:4f8:13b:3810::2]:8333,144.76.136.19:8333,147.135.253.226:8333,[2001:41d0:303:188::]:8333,[2a01:4f8:13b:29d4::2]:8333,213.32.7.136:8333,144.76.201.183:8333,217.23.13.63:8333,88.208.52.166:8333
524754,000000000000000000122a4cd8fadfac46673bea45e4184532ac54752ce84ba9,SlushPool,94.210.62.73:8333,[2a00:1630:2:500::4]:8333,[2a04:3542:1000:910:8492:b8ff:fe91:5005]:8333,62.210.71.120:8333,93.174.95.41:8333,[2001:41d0:303:4140::]:8333,146.0.32.117:8333,195.154.171.196:8333,144.76.108.6:8444,114.30.77.206:8333
524753,00000000000000000037732f7d7d492c84586d309cc6bd72ad6aa211d79943d0,BTC.TOP,193.70.33.8:8333,[2001:41d0:303:508::]:8333,[2a01:4f8:202:32c6::2]:8333,88.99.107.117:8333,95.216.3.56:8333,46.166.148.218:8333,[2a01:4f8:13b:29d4::2]:8333,52.57.212.185:8333,136.243.64.23:8333,5.9.157.183:8333
524752,0000000000000000001991c5b6497ad26c0b28b8966b4dc72a22a835ecd2c8a4,F2Pool,59.110.218.88:8333,39.106.49.18:8333,107.191.116.103:8333,88.99.107.117:8333,88.99.146.100:8333,[2a01:4f8:10a:2aa3::3]:8333,[2a00:1768:2001:24::148:218]:8333,46.166.148.218:8333,39.106.15.192:8333,5.9.143.40:8333
524751,0000000000000000001aae1db28d349c98eae33e4c86f8562b06709087918072,AntPool,163.172.194.30:8333,18.217.105.207:8333,54.255.145.70:8333,52.10.170.186:8333,[2604:a880:2:d0::22f9:d001]:8333,35.196.199.134:8333,52.77.235.168:8333,114.95.223.45:8333,62.149.14.114:8333,54.64.103.190:8333
524750,0000000000000000003bf3ed5c8ffa0b7194e8801a6b21f7b6c5511b54623fde,KanoPool,107.191.116.103:8333,88.99.107.117:8333,46.166.148.218:8333,165.227.206.46:8333,[2a01:4f8:13b:29d4::2]:8333,158.69.127.6:8333,172.96.161.244:8333,213.239.201.46:8333,178.63.22.78:8333,136.243.64.23:8333
524749,00000000000000000010fd3444e2b948cbd7f92cf2e1ba499da4d7ead1b69637,BTC.com,47.91.89.32:8333,47.91.92.101:8333,138.201.50.84:8333,[2a01:4f8:172:b53::2]:8333,18.195.210.176:8333,94.130.140.225:8333,18.194.141.225:8333,88.99.107.117:8333,94.130.23.24:8333,[2a01:4f8:173:1622::2]:8333
524748,000000000000000000228ff10cc46d9cb0b0207b76bef6209d03e9ccc2f3ab91,ViaBTC,Not Found
524747,00000000000000000000a1e7038b410a2206ac6e1d75d423de45cb4b9f213a28,CanoePool,Not Found
524746,0000000000000000002fd7f04fe3ad90a25b0e8ecf2f22d6e70f8a51f03c442c,58COIN,Not Found
524745,0000000000000000002257f1fc8b0d3676be16c23b7e956c8965d6cee7bcc158,AntPool,toguvy5upyuctudx.onion:8333,23wdfqkzttmenvki.onion:8333,nrrfwdmrm3imuebn.onion:8333,vk3qjdehyy4dwcxw.onion:8333,xudkoztdfrsuyyou.onion:8333,uzzyjgqlf47ackbr.onion:8333,ep2mjzox3kvb6ax4.onion:8333,342ouaetvqzgepjx.onion:8333,dssqdj6pxnzkth6i.onion:8333,xfrqhb5nu4vbf37s.onion:8333
524744,0000000000000000003262bb3bab961d924c4dd2e0d080c4c625d09ade97b139,F2Pool,Not Found
524743,0000000000000000000db723cacecf6610aab614056b0f4d68a49d39554aad1a,DPOOL,Not Found
524742,000000000000000000169553f00499ddd6f9403b2c530d2dfe2514b9c6a978c9,BTC.com,54.36.62.40:18333,136.243.58.134:8333,39.105.84.81:8333,138.68.98.149:8333,[2a01:4f8:13b:2907::2]:8333,88.99.107.117:8333,39.105.82.159:8333,[2a01:4f8:171:4dc::2]:8333,[2a01:4f8:172:b53::2]:8333,[2a01:4f8:192:db::2]:8333
524741,00000000000000000018942ae3fc40e9f6500e1d4cff8c3d13948f5ebdfed1ef,AntPool,47.91.79.21:8333,195.201.108.3:8333,136.243.57.38:8333,195.201.162.199:8333,78.46.79.17:8333,144.76.182.84:8333,[2a01:4f8:110:5292::2]:8333,144.76.136.19:8333,[2a01:4f8:201:936b::2]:8333,[2a01:4f8:211:79f::2]:8333
524740,000000000000000000072992b0e71cbcc217d7b4e16a8042c7f2ffad23916a09,AntPool,185.3.233.32:8333,182.92.226.212:8333,39.106.22.237:8333,5.9.157.183:8333,94.130.236.195:8333,47.94.224.99:8333,59.110.241.148:8333,39.106.143.253:8333,39.105.113.70:8333,88.99.107.117:8333
524739,0000000000000000001f364e516958b45f168dfb6f47976613cb12e6d8950e35,SlushPool,195.140.215.10:8333,176.9.148.58:8333,144.76.13.207:8333,[2a01:4f8:190:91ce::2]:8333,[2a01:4f8:190:7346::2]:8333,95.216.16.171:8333,80.79.115.234:8333,84.214.74.65:8333,144.76.201.183:8333,[2a01:4f8:172:b53::2]:8333
524738,00000000000000000008f6b574a32901115baad26c667982412b83c1a61f4499,BTC.TOP,Not Found
524737,000000000000000000043ca9ab2e28686d17b7fcc00f47822e396ef3986b6ea0,SlushPool,94.23.59.197:8333,138.197.97.88:8333,52.57.212.185:8333,52.29.42.170:8333,18.195.210.176:8333,78.46.79.17:8333,94.130.236.195:8333,138.68.98.149:8333,144.76.201.183:8333,[2001:41d0:303:2044::]:8333
524736,000000000000000000237f30e119554361067db489c1a896bbfdd2a61c317877,ViaBTC,52.43.65.134:8333,39.105.60.97:8333,112.74.33.245:8333,138.68.2.194:8333,39.107.158.80:8333,34.227.114.113:8333,52.54.198.224:8333,[2001:4ba0:cafe:410::1]:8333,80.114.90.42:8333,[2001:19f0:300:1340:225:90ff:fec9:2b6d]:8333
524735,00000000000000000018b7891cee5c97b7a11fe21c277096316ff4dc7e0d2aa9,BitFury,Not Found
524734,00000000000000000000b482afd6102b9a9e691dd1caecad57bea05e952239d3,BWPool,Not Found
524733,00000000000000000013bd578103add3c3c662fdc8f4ed261ec5db7fc152196d,58COIN,Not Found
524732,00000000000000000033cb976c14d97ec8c80c19ac82e46250d1a03d68cb7c90,BTC.com,vk3qjdehyy4dwcxw.onion:8333,dssqdj6pxnzkth6i.onion:8333,23wdfqkzttmenvki.onion:8333,ep2mjzox3kvb6ax4.onion:8333,nrrfwdmrm3imuebn.onion:8333,jgey4lr37eiq7cmy.onion:8333,bitcoin4rlfa4wqx.onion:8333,xfrqhb5nu4vbf37s.onion:8333,xudkoztdfrsuyyou.onion:8333,342ouaetvqzgepjx.onion:8333
524731,0000000000000000001b80967269b4e337d560785235c40612f445cc104d06ef,AntPool,vk3qjdehyy4dwcxw.onion:8333,toguvy5upyuctudx.onion:8333,uzzyjgqlf47ackbr.onion:8333,ep2mjzox3kvb6ax4.onion:8333,342ouaetvqzgepjx.onion:8333,xudkoztdfrsuyyou.onion:8333,23wdfqkzttmenvki.onion:8333,jgey4lr37eiq7cmy.onion:8333,nrrfwdmrm3imuebn.onion:8333,mdpt6w5sjwcnxtwy.onion:8333
524730,00000000000000000001f21727c57d33e7b65c31b92b5645cc4dd496e82ee284,DPOOL,[2604:2dc0:100:10e::]:8333,147.135.10.14:8333,47.90.242.214:8333,47.90.215.185:8333,192.241.144.12:8333,[2600:1f18:3d:4600:699a:d6b3:76e8:9b8d]:48333,165.227.206.46:8333,144.76.182.84:8333,46.229.168.201:8333,18.188.45.218:8333
524729,00000000000000000004596171c970ef038811af33ad63684c5456f13a6d42ab,BTPOOL,47.93.97.179:8333,39.106.161.222:8333,138.201.50.84:8333,[2a01:4f8:172:b53::2]:8333,195.201.60.120:8333,[2a01:7a0:2:137c::3]:8333,144.76.108.6:8444,148.251.83.196:8333,[2a01:4f8:172:1d54::2]:8333,[2a01:4f8:10b:d50::2]:8333
524728,00000000000000000019d10b4fde85d0e3c834862b425140703bcb4606204e18,BTCC,88.99.146.100:8333,88.99.107.117:8333,46.166.148.218:8333,[2a01:4f8:13b:29d4::2]:8333,47.93.25.228:8333,[2a01:4f8:10b:d50::2]:8333,88.198.67.196:8333,136.243.64.23:8333,[2a01:4f8:121:4341::2]:8341,94.130.236.195:8333
